Home	Trang chủ
You	Bạn
Subscriptions	Kênh đăng ký
Search	Tìm kiếm
Settings	Cài đặt
Back	Quay lại
Close	Đóng
Close menu	Đóng menu
Cancel	Hủy
Save	Lưu
Clear	Xóa
Done	Xong
Retry	Thử lại
Play	Phát
Pause	Tạm dừng
Next	Tiếp theo
Stop	Dừng
All	Tất cả
Temporary	Lưu tạm
Downloads	Nội dung tải xuống
Download	Tải xuống
Save To Device	Lưu vào thiết bị
Temporary Save	Lưu tạm thời
About	Giới thiệu
For you	Dành cho bạn
Similar	Tương tự
Similar videos	Video tương tự
Continue	Xem tiếp
Continue watching	Tiếp tục xem
History	Lịch sử
Watch history	Lịch sử xem
Favorites	Yêu thích
Queue	Hàng đợi
Quick actions	Thao tác nhanh
Library options	Tùy chọn thư viện
Search library	Tìm trong thư viện
Filter this list	Lọc danh sách này
Search or paste a YouTube link	Tìm kiếm hoặc dán liên kết YouTube
Search videos	Tìm video
Ready	Sẵn sàng
Allow	Cho phép
Minimize	Thu nhỏ
Subscribe	Đăng ký
Subscribed	Đã đăng ký
Repeat	Lặp lại
Sleep	Hẹn giờ
Auto	Tự động
Highest	Cao nhất
Play all	Phát tất cả
Shuffle	Phát ngẫu nhiên
Video thumbnail	Ảnh xem trước video
Video options	Tùy chọn video
Collection cover	Ảnh bìa danh sách
Not interested	Không quan tâm
Loading…	Đang tải…
Nothing here yet	Chưa có nội dung
No matching titles or channels	Không có tiêu đề hoặc kênh phù hợp
Enable local suggestions and watch history in Settings.	Bật gợi ý cá nhân và lịch sử xem trong Cài đặt.
Could not load the library. Reopen this tab to retry.	Không thể tải thư viện. Mở lại mục này để thử lại.
Browse Home or Search to discover videos.\nWatch videos, favorite them or follow channels to improve your suggestions.	Khám phá video trên Trang chủ hoặc Tìm kiếm.\nXem video, thêm yêu thích hoặc đăng ký kênh để cải thiện gợi ý.
No similar videos found yet.\nBrowse Home or Search to discover more videos.\nLong-press a history title to find similar videos.	Chưa tìm thấy video tương tự.\nKhám phá thêm trên Trang chủ hoặc Tìm kiếm.\nNhấn giữ tiêu đề trong lịch sử để tìm video tương tự.
Partly watched videos appear here.\nVideos near the end are excluded.	Video đang xem dở sẽ xuất hiện ở đây.\nVideo gần xem xong sẽ không được hiển thị.
Could not save the change. Please retry.	Không thể lưu thay đổi. Vui lòng thử lại.
Playback dismissed	Đã đóng trình phát
No videos to play	Chưa có video để phát
Could not prepare playback	Không thể chuẩn bị phát video
Could not update Queue	Không thể cập nhật hàng đợi
Removed from Queue	Đã xóa khỏi hàng đợi
Added to Queue	Đã thêm vào hàng đợi
Queue is empty	Hàng đợi trống
Improve your suggestions	Cải thiện gợi ý
Hidden channels	Kênh đã ẩn
Uncheck channels to restore	Bỏ chọn để khôi phục kênh
Could not load hidden channels	Không thể tải các kênh đã ẩn
No hidden channels. Use the ✕ beside a suggestion to hide a video or channel. Restore videos removes video exclusions only.	Chưa ẩn kênh nào. Dùng nút ✕ cạnh gợi ý để ẩn video hoặc kênh. Khôi phục video chỉ bỏ các ngoại lệ video.
Reset learned preferences, discovered videos and hidden suggestions. Favorites and followed channels still influence suggestions.	Đặt lại sở thích đã học, video đã khám phá và gợi ý đã ẩn. Video yêu thích và kênh đăng ký vẫn ảnh hưởng đến gợi ý.
This removes the items in this section from your local library.	Thao tác này xóa nội dung trong mục này khỏi thư viện trên thiết bị.
Local subscription	Kênh đăng ký trên thiết bị
Watch next	Phát tiếp theo
Add to Queue	Thêm vào hàng đợi
Remove from Queue	Xóa khỏi hàng đợi
Add to Favorites	Thêm vào yêu thích
Remove from Favorites	Xóa khỏi yêu thích
Remove from History	Xóa khỏi lịch sử
Find similar videos	Tìm video tương tự
Play offline	Phát offline
Delete temporary file	Xóa file tạm
Remove from list	Xóa khỏi danh sách
Download again	Tải lại
Details	Chi tiết
Download storage information	Thông tin lưu trữ nội dung tải xuống
Offline storage	Lưu trữ offline
Keep the file on your device	Giữ nguyên file trên thiết bị
Automatically deleted 30 days after download completes	Tự xóa sau 30 ngày kể từ lúc tải xong
Watch offline in the app • Automatically deleted after 30 days	Xem offline trong app • Tự xóa sau 30 ngày
Choose a resolution from the source	Chọn độ phân giải từ nguồn
Audio only • Choose quality	Chỉ âm thanh • Chọn chất lượng
Reading source quality…	Đang lấy chất lượng nguồn…
Quality is read from this video.	Chất lượng được đọc từ clip này.
Could not read the download source	Chưa lấy được nguồn tải
MP3 quality	Chất lượng MP3
Video quality	Chất lượng video
Highest quality from source • File may be larger	Chất lượng cao nhất từ nguồn • File có thể lớn hơn
Added to Downloads	Đã thêm vào Downloads
Ready to play offline	Sẵn sàng xem offline
Waiting to download	Đang chờ tải
Processing and saving file…	Đang xử lý và lưu file…
Expired • Download again to watch	Đã hết hạn • Tải lại để xem
Cancelled	Đã hủy
Save location not selected	Chưa chọn vị trí lưu
Download incomplete • Tap to retry	Tải chưa hoàn tất • Nhấn để thử lại
Temporary • 30 days	Temporary • 30 ngày
On device	Trên thiết bị
No downloads yet\n\nOpen a video → Download to save video or MP3.	Chưa có nội dung tải xuống\n\nMở video → Tải xuống để lưu video hoặc MP3.
Nothing in this category yet\n\nSelect All to see everything.	Chưa có nội dung trong mục này\n\nChọn Tất cả để xem tất cả.
MP3 • Offline playback	MP3 • Phát offline
This device cannot play this file's codec. Try another player or download a lower quality.	Thiết bị chưa phát được codec của file này. Có thể dùng trình phát khác hoặc lưu chất lượng thấp hơn.
Equalizer (EQ)	Bộ cân bằng âm thanh (EQ)
Enable EQ	Bật EQ
Close	Đóng
Reset	Đặt lại
EQ applies to offline video/MP3 in Downloads. It does not yet apply to online YouTube playback.	Áp dụng cho video/MP3 offline trong Downloads. EQ chưa áp dụng cho video YouTube online.
Use the phone's media volume buttons. Boosting EQ bands automatically reduces gain to limit distortion.	Âm lượng vẫn dùng phím âm lượng media. Khi tăng dải EQ, app giảm gain tự động để hạn chế méo tiếng.
Sleep timer	Hẹn giờ tắt
Sleep timer finished	Đã hết thời gian hẹn giờ
Sleep timer off	Đã tắt hẹn giờ
Repeat enabled	Đã bật lặp lại
Repeat disabled	Đã tắt lặp lại
Player restarted safely	Đã khởi động lại trình phát
Offline • waiting for network	Offline • Đang chờ kết nối mạng
Offline • playback recovery paused	Offline • Tạm dừng khôi phục phát
Back online	Đã kết nối lại mạng
You're offline	Bạn đang offline
Playback needs attention	Cần kiểm tra trình phát
Automatic recovery could not restore this page.	Không thể tự khôi phục trang này.
Renderer crash-loop guard active • tap Retry to restart player	Đã ngăn trình phát bị lỗi lặp lại • Nhấn Thử lại để khởi động lại
Mobile / metered	Dữ liệu di động
Wi-Fi / unmetered	Wi-Fi
ENHANCEMENTS	TÍNH NĂNG NÂNG CAO
Apply enhanced-client defaults	Áp dụng thiết lập nâng cao mặc định
Enhanced-client defaults applied	Đã áp dụng thiết lập nâng cao
Block YouTube ads	Chặn quảng cáo YouTube
Block tracking requests	Chặn yêu cầu theo dõi
Safe mode — disable network and aggressive player filtering	Chế độ an toàn — Tắt lọc mạng và lọc trình phát mạnh
DISTRACTION CONTROL	KIỂM SOÁT NỘI DUNG
Hide Shorts and open Shorts as normal videos	Ẩn Shorts và mở Shorts như video thường
Hide related recommendations	Ẩn video gợi ý liên quan
Hide comments	Ẩn bình luận
Hide end-screen cards	Ẩn thẻ cuối video
Hide Open in app prompts	Ẩn lời nhắc mở bằng app
PLAYBACK	PHÁT VIDEO
Automatically enter PiP when leaving app	Tự động thu nhỏ PiP khi rời app
Lock-screen / notification controls	Điều khiển trên màn hình khóa và thông báo
Player gestures — swipe down to minimize; fullscreen seek, brightness and volume	Thao tác vuốt — Vuốt xuống để thu nhỏ; tua, chỉnh độ sáng và âm lượng khi toàn màn hình
On a regular video page, swipe down on the video image to minimize it and keep watching while browsing. Comments and Shorts keep their normal scrolling.	Trên trang video thường, vuốt xuống trên video để thu nhỏ và tiếp tục xem khi duyệt nội dung. Bình luận và Shorts vẫn cuộn bình thường.
Swipe horizontally to seek. Swipe vertically on the left for brightness, on the right for volume. Swipe down in the center to minimize from fullscreen. Double-tap either side to seek.	Vuốt ngang để tua. Vuốt dọc bên trái để chỉnh độ sáng, bên phải để chỉnh âm lượng. Vuốt xuống ở giữa để thu nhỏ khỏi toàn màn hình. Chạm hai lần vào một bên để tua.
Gesture sensitivity 1×	Độ nhạy thao tác 1×
Double-tap seek 10s	Chạm hai lần để tua 10 giây
AMOLED black theme	Giao diện đen AMOLED
Minimal player chrome — hide app bar while watching	Giao diện phát gọn — Ẩn thanh app khi xem
Always repeat the current video	Luôn lặp lại video đang xem
Wi-Fi / unmetered quality Auto	Chất lượng Wi-Fi tự động
Mobile / metered quality Auto	Chất lượng dữ liệu di động tự động
COMMUNITY SEGMENT SKIP	BỎ QUA ĐOẠN ĐÁNH DẤU BỞI CỘNG ĐỒNG
Skip sponsor, self-promo and interaction segments	Bỏ qua đoạn tài trợ, tự quảng bá và kêu gọi tương tác
Skip community-marked intros and outros	Bỏ qua mở đầu và kết thúc do cộng đồng đánh dấu
RELIABILITY	ĐỘ ỔN ĐỊNH
Automatically recover stalled foreground playback	Tự khôi phục khi video đang xem bị đứng
Keep active playback reliable with screen off (requires notification controls)	Tiếp tục phát ổn định khi tắt màn hình (cần điều khiển thông báo)
Adaptive WebView lifecycle and memory hardening	Tối ưu vòng đời WebView và bộ nhớ
LOCAL LIBRARY	THƯ VIỆN TRÊN THIẾT BỊ
Learn viewing habits locally and suggest videos in For you	Học thói quen xem trên thiết bị và gợi ý trong Dành cho bạn
Clear learned preferences and suggestions	Xóa sở thích đã học và gợi ý
Learned viewing preferences cleared	Đã xóa sở thích xem đã học
Learning requires watch history. Suggestions use viewing time, favorites and followed channels on this device. No preference profile is uploaded. Clear removes learned viewing time, suggestions and feedback; favorites and subscriptions stay saved.	Cần lịch sử xem để học sở thích. Gợi ý dựa trên thời gian xem, video yêu thích và kênh đăng ký trên thiết bị. Hồ sơ sở thích không được tải lên mạng. Xóa sẽ bỏ dữ liệu đã học, gợi ý và phản hồi; vẫn giữ yêu thích và kênh đăng ký.
Remember watch history and playback position locally	Lưu lịch sử xem và vị trí phát trên thiết bị
Resume videos from the last local playback position	Tiếp tục video từ vị trí xem trước đó
Automatically play the next item in Queue	Tự phát video tiếp theo trong hàng đợi
Subscriptions, Favorites, Queue and History are stored only on this device and do not require a Google account. Playback speed is controlled from the player and remembered locally.	Kênh đăng ký, yêu thích, hàng đợi và lịch sử chỉ lưu trên thiết bị, không cần tài khoản Google. Tốc độ phát được chỉnh từ trình phát và ghi nhớ trên thiết bị.
RULE PACK	BỘ QUY TẮC
Automatically check configured rule source every 24 hours	Tự kiểm tra nguồn quy tắc mỗi 24 giờ
Check / install rules	Kiểm tra / cài quy tắc
Rollback	Khôi phục
Bundled rules	Quy tắc có sẵn
CHANNEL ALLOWLIST	KÊNH NGOẠI LỆ
Clear channel allowlist	Xóa danh sách kênh ngoại lệ
Channel allowlist cleared	Đã xóa danh sách kênh ngoại lệ
Restored bundled rules	Đã khôi phục quy tắc có sẵn
No previous rule pack is available	Không có bộ quy tắc trước đó
Enter an HTTPS rule-pack URL first	Nhập URL HTTPS của bộ quy tắc trước
Updating…	Đang cập nhật…
bundled	có sẵn
downloaded	đã tải
LIFETIME PROTECTION	THỐNG KÊ BẢO VỆ
Network\n	Yêu cầu mạng\n
Page ads\n	Quảng cáo trên trang\n
Player skips\n	Quảng cáo đã bỏ qua\n
Segment skips\n	Đoạn đã bỏ qua\n
Total blocked\n	Tổng đã chặn\n
Allowed channels\n	Kênh ngoại lệ\n
PLAYBACK RECOVERY	KHÔI PHỤC PHÁT
Reset recovery diagnostics	Đặt lại thống kê khôi phục
RUNTIME / DEVICE	HOẠT ĐỘNG / THIẾT BỊ
Run runtime / database self-test	Kiểm tra hoạt động / cơ sở dữ liệu
Run release stress test	Chạy kiểm tra tải bản release
Reset runtime diagnostics	Đặt lại thống kê hoạt động
COMPATIBILITY	TƯƠNG THÍCH
Run local compatibility self-test	Kiểm tra tương thích trên thiết bị
Reset compatibility diagnostics	Đặt lại thống kê tương thích
Enter Safe mode	Bật chế độ an toàn
Exit Safe mode	Tắt chế độ an toàn
Playback & filtering settings	Cài đặt phát và chặn quảng cáo
Reset lifetime statistics	Đặt lại thống kê bảo vệ
Ad filtering active	Đang chặn quảng cáo
Ad filtering disabled	Đã tắt chặn quảng cáo
Runtime self-test passed	Kiểm tra hoạt động đạt
Runtime self-test found a problem	Kiểm tra hoạt động phát hiện lỗi
Running release stress test…	Đang kiểm tra tải bản release…
Release stress test passed	Kiểm tra tải bản release đạt
Release stress test found a problem	Kiểm tra tải bản release phát hiện lỗi
Compatibility self-test passed	Kiểm tra tương thích đạt
Compatibility self-test found a problem	Kiểm tra tương thích phát hiện lỗi
